<?xml version="1.0" encoding="UTF-8"?>
<DARoots Version="1" Minor="26">
  <FileSet Name="sources" Type="DesignSrcs" RelSrcDir="$PSRCDIR/sources_1">
    <Filter Type="Srcs"/>
    <File Path="$PSRCDIR/sources_1/imports/srcGen/pshdl_pkg.vhd">
      <FileInfo>
        <Attr Name="ImportPath" Val="$PPRDIR/../../../../../../../../Downloads/srcGen/pshdl_pkg.vhd"/>
        <Attr Name="ImportTime" Val="1390321946"/>
        <Attr Name="UsedInSynthesis" Val="1"/>
        <Attr Name="UsedInSimulation" Val="1"/>
      </FileInfo>
    </File>
    <File Path="$PSRCDIR/sources_1/imports/srcGen/sinus.vhdl">
      <FileInfo>
        <Attr Name="ImportPath" Val="$PPRDIR/../../../../../../../../Downloads/srcGen/sinus.vhdl"/>
        <Attr Name="ImportTime" Val="1390321946"/>
        <Attr Name="UsedInSynthesis" Val="1"/>
        <Attr Name="UsedInSimulation" Val="1"/>
      </FileInfo>
    </File>
    <File Path="$PSRCDIR/sources_1/ip/fifo_generator_v9_3_0/fifo_generator_v9_3_0.xci">
      <FileInfo>
        <Attr Name="ImportPath" Val="$PPRDIR/../../../../../../../../Desktop/PSHDLTryout/sinExample/sinExample.srcs/sources_1/ip/fifo_generator_v9_3_0/fifo_generator_v9_3_0.xci"/>
        <Attr Name="ImportTime" Val="1390322982"/>
        <Attr Name="UsedInSynthesis" Val="1"/>
        <Attr Name="UsedInImplementation" Val="1"/>
        <Attr Name="UsedInSimulation" Val="1"/>
      </FileInfo>
    </File>
    <File Path="$PSRCDIR/sources_1/imports/srcGen/mixer.vhdl">
      <FileInfo>
        <Attr Name="ImportPath" Val="$PPRDIR/../../../../../../../../Desktop/PSHDLTryout/mixerExample/mixerExample.srcs/sources_1/imports/srcGen/mixer.vhdl"/>
        <Attr Name="ImportTime" Val="1390324213"/>
        <Attr Name="UsedInSynthesis" Val="1"/>
        <Attr Name="UsedInSimulation" Val="1"/>
      </FileInfo>
    </File>
    <File Path="$PSRCDIR/sources_1/imports/srcGen/audiocodec.vhdl">
      <FileInfo>
        <Attr Name="ImportPath" Val="$PPRDIR/../../../../../../../../Downloads/srcGen/audiocodec.vhdl"/>
        <Attr Name="ImportTime" Val="1390321946"/>
        <Attr Name="UsedInSynthesis" Val="1"/>
        <Attr Name="UsedInSimulation" Val="1"/>
      </FileInfo>
    </File>
    <File Path="$PSRCDIR/sources_1/imports/srcGen/buffedOutput.vhdl">
      <FileInfo>
        <Attr Name="ImportPath" Val="$PPRDIR/../../../../../../../../Desktop/PSHDLTryout/mixerExample/mixerExample.srcs/sources_1/imports/srcGen/buffedOutput.vhdl"/>
        <Attr Name="ImportTime" Val="1390324213"/>
        <Attr Name="UsedInSynthesis" Val="1"/>
        <Attr Name="UsedInSimulation" Val="1"/>
      </FileInfo>
    </File>
    <Config>
      <Option Name="DesignMode" Val="RTL"/>
      <Option Name="TopModule" Val="de_tuhh_hbubert_buffedOutput"/>
      <Option Name="TopLib" Val="work"/>
      <Option Name="TopArchitecture" Val="pshdlGenerated"/>
      <Option Name="TopRTLFile" Val="$PSRCDIR/sources_1/imports/srcGen/buffedOutput.vhdl"/>
      <Option Name="TopAutoSet" Val="TRUE"/>
    </Config>
  </FileSet>
</DARoots>
