<?xml version="1.0"?>
<BillOfMaterials Version="1" Minor="2">
  <IPInstance name="fifo_generator_v9_3_0">
    <FileSets>
      <FileSet generator="apply_current_project_options_generator">
        <File name="./apply_current_project_options_generator.xlog" type="ignore" timestamp="Tue Jan 21 16:49:42 GMT 2014" checksum="0xFFFFFFFF"></File>
      </FileSet>
      <FileSet generator="model_parameter_resolution_generator">
        <File name="./model_parameter_resolution_generator.xlog" type="ignore" timestamp="Tue Jan 21 16:49:42 GMT 2014" checksum="0xFFFFFFFF"></File>
      </FileSet>
      <FileSet generator="ip_xco_generator">
        <File name="./fifo_generator_v9_3_0.xco" type="xco" timestamp="Tue Jan 21 16:46:10 GMT 2014" checksum="0x1F6187A1"></File>
      </FileSet>
      <FileSet generator="associated_files_generator">
        <File name="./fifo_generator_v9_3_0/doc/fifo_generator_v9_3_vinfo.html" type="ignore" timestamp="Wed Mar 27 03:07:49 GMT 2013" checksum="0x9B56C5A6"></File>
        <File name="./fifo_generator_v9_3_0/fifo_generator_v9_3_readme.txt" type="ignore" timestamp="Wed Mar 27 03:07:49 GMT 2013" checksum="0x4A0AA28D"></File>
      </FileSet>
      <FileSet generator="ejava_generator">
        <File name="./fifo_generator_v9_3_0/example_design/fifo_generator_v9_3_0_exdes.ucf" type="ignore" timestamp="Tue Jan 21 16:46:12 GMT 2014" checksum="0xB547BB7D"></File>
        <File name="./fifo_generator_v9_3_0/example_design/fifo_generator_v9_3_0_exdes.vhd" type="ignore" timestamp="Tue Jan 21 16:46:12 GMT 2014" checksum="0xE956E670"></File>
        <File name="./fifo_generator_v9_3_0/implement/implement.bat" type="ignore" timestamp="Tue Jan 21 16:46:12 GMT 2014" checksum="0xA79E6C2B"></File>
        <File name="./fifo_generator_v9_3_0/implement/implement.sh" type="ignore" timestamp="Tue Jan 21 16:46:12 GMT 2014" checksum="0xC3C89ECB"></File>
        <File name="./fifo_generator_v9_3_0/implement/implement_synplify.bat" type="ignore" timestamp="Tue Jan 21 16:46:12 GMT 2014" checksum="0x54F55502"></File>
        <File name="./fifo_generator_v9_3_0/implement/implement_synplify.sh" type="ignore" timestamp="Tue Jan 21 16:46:12 GMT 2014" checksum="0x2BCF29FE"></File>
        <File name="./fifo_generator_v9_3_0/implement/planAhead_ise.bat" type="ignore" timestamp="Tue Jan 21 16:46:12 GMT 2014" checksum="0xF65FA750"></File>
        <File name="./fifo_generator_v9_3_0/implement/planAhead_ise.sh" type="ignore" timestamp="Tue Jan 21 16:46:12 GMT 2014" checksum="0xE6BC6886"></File>
        <File name="./fifo_generator_v9_3_0/implement/planAhead_ise.tcl" type="ignore" timestamp="Tue Jan 21 16:46:12 GMT 2014" checksum="0xC58AAB6A"></File>
        <File name="./fifo_generator_v9_3_0/implement/xst.prj" type="ignore" timestamp="Tue Jan 21 16:46:12 GMT 2014" checksum="0xA2A79649"></File>
        <File name="./fifo_generator_v9_3_0/implement/xst.scr" type="ignore" timestamp="Tue Jan 21 16:46:12 GMT 2014" checksum="0x51D11C73"></File>
        <File name="./fifo_generator_v9_3_0/simulation/fifo_generator_v9_3_0_dgen.vhd" type="ignore" timestamp="Tue Jan 21 16:46:12 GMT 2014" checksum="0xA075C956"></File>
        <File name="./fifo_generator_v9_3_0/simulation/fifo_generator_v9_3_0_dverif.vhd" type="ignore" timestamp="Tue Jan 21 16:46:12 GMT 2014" checksum="0x02397C50"></File>
        <File name="./fifo_generator_v9_3_0/simulation/fifo_generator_v9_3_0_pctrl.vhd" type="ignore" timestamp="Tue Jan 21 16:46:12 GMT 2014" checksum="0x71EF9060"></File>
        <File name="./fifo_generator_v9_3_0/simulation/fifo_generator_v9_3_0_pkg.vhd" type="ignore" timestamp="Tue Jan 21 16:46:12 GMT 2014" checksum="0xFE62B4F8"></File>
        <File name="./fifo_generator_v9_3_0/simulation/fifo_generator_v9_3_0_rng.vhd" type="ignore" timestamp="Tue Jan 21 16:46:12 GMT 2014" checksum="0x46B3127D"></File>
        <File name="./fifo_generator_v9_3_0/simulation/fifo_generator_v9_3_0_synth.vhd" type="ignore" timestamp="Tue Jan 21 16:46:12 GMT 2014" checksum="0xBCD44C5D"></File>
        <File name="./fifo_generator_v9_3_0/simulation/fifo_generator_v9_3_0_tb.vhd" type="ignore" timestamp="Tue Jan 21 16:46:12 GMT 2014" checksum="0x3F30949A"></File>
        <File name="./fifo_generator_v9_3_0/simulation/functional/simulate_isim.bat" type="ignore" timestamp="Tue Jan 21 16:46:12 GMT 2014" checksum="0x4FE2B8FA"></File>
        <File name="./fifo_generator_v9_3_0/simulation/functional/simulate_isim.sh" type="ignore" timestamp="Tue Jan 21 16:46:12 GMT 2014" checksum="0x87908A39"></File>
        <File name="./fifo_generator_v9_3_0/simulation/functional/simulate_mti.bat" type="ignore" timestamp="Tue Jan 21 16:46:12 GMT 2014" checksum="0x0C3CDB0C"></File>
        <File name="./fifo_generator_v9_3_0/simulation/functional/simulate_mti.do" type="ignore" timestamp="Tue Jan 21 16:46:12 GMT 2014" checksum="0xA4E9E58C"></File>
        <File name="./fifo_generator_v9_3_0/simulation/functional/simulate_mti.sh" type="ignore" timestamp="Tue Jan 21 16:46:12 GMT 2014" checksum="0x5FDBD750"></File>
        <File name="./fifo_generator_v9_3_0/simulation/functional/simulate_ncsim.bat" type="ignore" timestamp="Tue Jan 21 16:46:12 GMT 2014" checksum="0x0801A782"></File>
        <File name="./fifo_generator_v9_3_0/simulation/functional/simulate_vcs.bat" type="ignore" timestamp="Tue Jan 21 16:46:12 GMT 2014" checksum="0x61355E54"></File>
        <File name="./fifo_generator_v9_3_0/simulation/functional/ucli_commands.key" type="ignore" timestamp="Tue Jan 21 16:46:12 GMT 2014" checksum="0xB4E2994B"></File>
        <File name="./fifo_generator_v9_3_0/simulation/functional/vcs_session.tcl" type="ignore" timestamp="Tue Jan 21 16:46:12 GMT 2014" checksum="0xA9919AA9"></File>
        <File name="./fifo_generator_v9_3_0/simulation/functional/wave_isim.tcl" type="ignore" timestamp="Tue Jan 21 16:46:12 GMT 2014" checksum="0x67618033"></File>
        <File name="./fifo_generator_v9_3_0/simulation/functional/wave_mti.do" type="ignore" timestamp="Tue Jan 21 16:46:12 GMT 2014" checksum="0x324B7DFA"></File>
        <File name="./fifo_generator_v9_3_0/simulation/functional/wave_ncsim.sv" type="ignore" timestamp="Tue Jan 21 16:46:12 GMT 2014" checksum="0x4649A19A"></File>
        <File name="./fifo_generator_v9_3_0/simulation/timing/simulate_isim.bat" type="ignore" timestamp="Tue Jan 21 16:46:12 GMT 2014" checksum="0xFC866575"></File>
        <File name="./fifo_generator_v9_3_0/simulation/timing/simulate_isim.sh" type="ignore" timestamp="Tue Jan 21 16:46:12 GMT 2014" checksum="0xE519BEB5"></File>
        <File name="./fifo_generator_v9_3_0/simulation/timing/simulate_mti.bat" type="ignore" timestamp="Tue Jan 21 16:46:12 GMT 2014" checksum="0x0C3CDB0C"></File>
        <File name="./fifo_generator_v9_3_0/simulation/timing/simulate_mti.do" type="ignore" timestamp="Tue Jan 21 16:46:12 GMT 2014" checksum="0x25291E1B"></File>
        <File name="./fifo_generator_v9_3_0/simulation/timing/simulate_mti.sh" type="ignore" timestamp="Tue Jan 21 16:46:12 GMT 2014" checksum="0x5FDBD750"></File>
        <File name="./fifo_generator_v9_3_0/simulation/timing/simulate_ncsim.bat" type="ignore" timestamp="Tue Jan 21 16:46:12 GMT 2014" checksum="0x2193C9CF"></File>
        <File name="./fifo_generator_v9_3_0/simulation/timing/simulate_vcs.bat" type="ignore" timestamp="Tue Jan 21 16:46:12 GMT 2014" checksum="0xDD5E338A"></File>
        <File name="./fifo_generator_v9_3_0/simulation/timing/ucli_commands.key" type="ignore" timestamp="Tue Jan 21 16:46:12 GMT 2014" checksum="0xB4E2994B"></File>
        <File name="./fifo_generator_v9_3_0/simulation/timing/vcs_session.tcl" type="ignore" timestamp="Tue Jan 21 16:46:12 GMT 2014" checksum="0x289B9E91"></File>
        <File name="./fifo_generator_v9_3_0/simulation/timing/wave_isim.tcl" type="ignore" timestamp="Tue Jan 21 16:46:12 GMT 2014" checksum="0x67618033"></File>
        <File name="./fifo_generator_v9_3_0/simulation/timing/wave_mti.do" type="ignore" timestamp="Tue Jan 21 16:46:12 GMT 2014" checksum="0x324B7DFA"></File>
        <File name="./fifo_generator_v9_3_0/simulation/timing/wave_ncsim.sv" type="ignore" timestamp="Tue Jan 21 16:46:12 GMT 2014" checksum="0x4649A19A"></File>
      </FileSet>
      <FileSet generator="ngc_netlist_generator">
        <File name="./fifo_generator_v9_3_0.ngc" type="ngc" timestamp="Tue Jan 21 16:48:56 GMT 2014" checksum="0xF691064A"></File>
      </FileSet>
      <FileSet generator="obfuscate_netlist_generator">
        <File name="./obfuscate_netlist_generator.xlog" type="ignore" timestamp="Tue Jan 21 16:49:42 GMT 2014" checksum="0xFFFFFFFF"></File>
      </FileSet>
      <FileSet generator="padded_implementation_netlist_generator">
        <File name="./padded_implementation_netlist_generator.xlog" type="ignore" timestamp="Tue Jan 21 16:49:42 GMT 2014" checksum="0xFFFFFFFF"></File>
      </FileSet>
      <FileSet generator="instantiation_template_generator">
        <File name="./fifo_generator_v9_3_0.vho" type="vho" timestamp="Tue Jan 21 16:48:58 GMT 2014" checksum="0xD43DD589"></File>
      </FileSet>
      <FileSet generator="structural_simulation_model_generator">
        <File name="./fifo_generator_v9_3_0.vhd" type="vhdl" timestamp="Tue Jan 21 16:48:59 GMT 2014" checksum="0x5E754374"></File>
      </FileSet>
      <FileSet generator="all_documents_generator">
        <File name="./fifo_generator_v9_3_0/doc/fifo_generator_v9_3_readme.txt" type="ignore" timestamp="Tue Jan 21 16:48:59 GMT 2014" checksum="0x4A0AA28D"></File>
        <File name="./fifo_generator_v9_3_0/doc/fifo_generator_v9_3_vinfo.html" type="ignore" timestamp="Tue Jan 21 16:48:59 GMT 2014" checksum="0x9B56C5A6"></File>
        <File name="./fifo_generator_v9_3_0/doc/pg057-fifo-generator.pdf" type="ignore" timestamp="Tue Jan 21 16:48:59 GMT 2014" checksum="0x1E7EB5CF"></File>
      </FileSet>
      <FileSet generator="readme_documents_generator">
        <File name="./fifo_generator_v9_3_0/doc/fifo_generator_v9_3_readme.txt" type="ignore" timestamp="Tue Jan 21 16:49:00 GMT 2014" checksum="0x4A0AA28D"></File>
      </FileSet>
      <FileSet generator="asy_generator">
        <File name="./fifo_generator_v9_3_0.asy" type="asy" timestamp="Tue Jan 21 16:49:11 GMT 2014" checksum="0x28C7071F"></File>
      </FileSet>
      <FileSet generator="xmdf_generator">
        <File name="./fifo_generator_v9_3_0_xmdf.tcl" type="tclXmdf" timestamp="Tue Jan 21 16:49:11 GMT 2014" checksum="0xE1826C4A"></File>
      </FileSet>
      <FileSet generator="synthesis_ise_generator">
        <File name="./fifo_generator_v9_3_0.gise" type="ignore" timestamp="Tue Jan 21 16:49:34 GMT 2014" checksum="0x5DFEA7DC"></File>
        <File name="./fifo_generator_v9_3_0.xise" type="ignore" timestamp="Tue Jan 21 16:49:34 GMT 2014" checksum="0x60956DDF"></File>
      </FileSet>
      <FileSet generator="ise_generator">
        <File name="./fifo_generator_v9_3_0.gise" type="ignore" timestamp="Tue Jan 21 16:49:41 GMT 2014" checksum="0xCECB7498"></File>
        <File name="./fifo_generator_v9_3_0.xise" type="ignore" timestamp="Tue Jan 21 16:49:40 GMT 2014" checksum="0xF3913241"></File>
      </FileSet>
      <FileSet generator="deliver_readme_generator">
        <File name="./deliver_readme_generator.xlog" type="ignore" timestamp="Tue Jan 21 16:49:42 GMT 2014" checksum="0xFFFFFFFF"></File>
      </FileSet>
      <FileSet generator="flist_generator">
        <File name="./fifo_generator_v9_3_0_flist.txt" type="ignore" timestamp="Tue Jan 21 16:49:41 GMT 2014" checksum="0xCBE14089"></File>
      </FileSet>
    </FileSets>
  </IPInstance>
</BillOfMaterials>
