<?xml version="1.0" encoding="UTF-8"?>
<DARoots Version="1" Minor="26">
  <FileSet Name="sim_1" Type="SimulationSrcs" RelSrcDir="$PSRCDIR/sim_1">
    <Filter Type="Srcs"/>
    <Config>
      <Option Name="DesignMode" Val="RTL"/>
      <Option Name="TopModule" Val="de_tuhh_hbubert_buffedOutput"/>
      <Option Name="TopLib" Val="work"/>
      <Option Name="TopArchitecture" Val="pshdlGenerated"/>
      <Option Name="TopRTLFile" Val="$PPRDIR/../../../../../../../../Desktop/PSHDLTryout/mixerExample/mixerExample.srcs/sources_1/imports/srcGen/buffedOutput.vhdl"/>
      <Option Name="TopAutoSet" Val="TRUE"/>
      <Option Name="SrcSet" Val="sources_1"/>
      <Option Name="NGOutputHDLFormat" Val="vhdl"/>
    </Config>
  </FileSet>
</DARoots>
