<?xml version="1.0"?>
<Runs Version="1" Minor="8">
	<Run Id="synth_1" Type="Ft3:Synth" SrcSet="sources_1" Part="xc6slx9csg324-2" LaunchPart="xc6slx9csg324-2" ConstrsSet="constrs_1" Description="PlanAhead Defaults (XST defaults with hierarchy)" State="current" Dir="$PRUNDIR/synth_1" LaunchTime="1390324372">
		<File Type="XST-NGC" Name="de_tuhh_hbubert_buffedOutput.ngc"/>
		<File Type="RUN-STRAT" Name="$PDATADIR/runs/synth_1/synth_1.psg"/>
		<File Type="XST-SRP" Name="de_tuhh_hbubert_buffedOutput.srp"/>
		<File Type="PA-XST" Name="de_tuhh_hbubert_buffedOutput.xst"/>
		<File Type="RUN-SRCS" Name="$PDATADIR/runs/synth_1/sources.xml"/>
		<File Type="PA-XSTPRJ" Name="de_tuhh_hbubert_buffedOutput.prj"/>
		<File Type="RUN-CONSTRS" Name="$PDATADIR/runs/synth_1/constrs_in.xml"/>
	</Run>
	<Run Id="impl_1" Type="Ft2:EntireDesign" SynthRun="synth_1" Part="xc6slx9csg324-2" LaunchPart="xc6slx9csg324-2" ConstrsSet="constrs_1" Description="ISE Defaults, including packing registers in IOs off" State="current" Dir="$PRUNDIR/impl_1" LaunchTime="1390324728">
		<File Type="MAP-PSR" Name="de_tuhh_hbubert_buffedOutput.psr"/>
		<File Type="PA-EDIF" Name="de_tuhh_hbubert_buffedOutput.edf"/>
		<File Type="PAR-NCD" Name="de_tuhh_hbubert_buffedOutput_routed.ncd"/>
		<File Type="PA-UCF" Name="de_tuhh_hbubert_buffedOutput.ucf"/>
		<File Type="PAR-PAD" Name="de_tuhh_hbubert_buffedOutput_routed_pad.txt"/>
		<File Type="PAR-PAR" Name="de_tuhh_hbubert_buffedOutput_routed.par"/>
		<File Type="PAR-UNR" Name="de_tuhh_hbubert_buffedOutput_routed.unroutes"/>
		<File Type="BG-BIT" Name="de_tuhh_hbubert_buffedOutput.bit"/>
		<File Type="BG-DRC" Name="de_tuhh_hbubert_buffedOutput.drc"/>
		<File Type="PA-CONSTRSDIR" Name=".constrs"/>
		<File Type="BG-BGN" Name="de_tuhh_hbubert_buffedOutput.bgn"/>
		<File Type="TRCE-TWR" Name="de_tuhh_hbubert_buffedOutput.twr"/>
		<File Type="TRCE-TWX" Name="de_tuhh_hbubert_buffedOutput.twx"/>
		<File Type="XDL-XDL" Name="de_tuhh_hbubert_buffedOutput_routed.xdl"/>
		<File Type="WBT-USG" Name="usage_statistics_webtalk.html"/>
		<File Type="WBT-LOG" Name="webtalk.log"/>
		<File Type="RUN-CONSTRS" Name="$PDATADIR/runs/impl_1/constrs_in.xml"/>
		<File Type="RUN-STRAT" Name="$PDATADIR/runs/impl_1/impl_1.psg"/>
		<File Type="NGDB-NGD" Name="de_tuhh_hbubert_buffedOutput.ngd"/>
		<File Type="NGDB-BLD" Name="de_tuhh_hbubert_buffedOutput.bld"/>
		<File Type="MAP-NCD" Name="de_tuhh_hbubert_buffedOutput.ncd"/>
		<File Type="MAP-PCF" Name="de_tuhh_hbubert_buffedOutput.pcf"/>
		<File Type="MAP-MRP" Name="de_tuhh_hbubert_buffedOutput.mrp"/>
		<File Type="MAP-MAP" Name="de_tuhh_hbubert_buffedOutput.map"/>
	</Run>
</Runs>

